"Name","State","Notes","User","Tags","Created","Runtime","Sweep","learning_rate","lexicon_features","train_batch_size","Training loss","eval_loss","eval_loss_best_epoch_dev","eval_loss_best_epoch_test","f1_macro","f1_macro_best_epoch_dev","f1_macro_best_epoch_test","f1_micro","f1_micro_best_epoch_dev","f1_micro_best_epoch_test","global_step","lr","mcc","mcc_best_epoch_dev","mcc_best_epoch_test","p_macro","p_macro_best_epoch_dev","p_macro_best_epoch_test","p_micro","p_micro_best_epoch_dev","p_micro_best_epoch_test","r_macro","r_macro_best_epoch_dev","r_macro_best_epoch_test","r_micro","r_micro_best_epoch_dev","r_micro_best_epoch_test","train_loss"
"flowing-sweep-16","finished","-","gillesjacobs","","2021-04-30T09:40:56.000Z","242","nzhmzu9b","0.000044149208611239686","posnegneupol","32","0.09080370515584946","0.9434817183402276","0.6127117526146674","0.625401802552052","0.6108536560548075","0.6317831759427158","0.6587808037034668","0.7606490872210954","0.7505070993914807","0.7568659127625202","1380","0.00001251192146877238","0.5495551891177307","0.5384057087394725","0.5563432609421401","0.6171517022301489","0.637365143113941","0.6653196258459416","0.7606490872210954","0.7505070993914807","0.7568659127625202","0.6072677655048628","0.6305025741826701","0.6536563107152078","0.7606490872210954","0.7505070993914807","0.7568659127625202","0.4576783180236816"
"crimson-sweep-58","finished","-","gillesjacobs","","2021-04-30T15:07:00.000Z","560","nzhmzu9b","0.00004091502998575912","all","64","0.19830141961574552","0.8028015710653797","0.644459099058182","0.7043412767159634","0.6221040857080069","0.6668017595376362","0.6579118370017982","0.7738336713995944","0.7809330628803245","0.754442649434572","920","9.471071755962758e-7","0.5714328287789672","0.5959378352212684","0.5534598324773825","0.6335773144983671","0.6658624527337956","0.664626141427902","0.7738336713995944","0.7809330628803245","0.7544426494345718","0.6162250457387092","0.668023883756633","0.6537960795494872","0.7738336713995944","0.7809330628803245","0.7544426494345718","0.18158499896526337"
"brisk-sweep-26","finished","-","gillesjacobs","","2021-04-30T10:31:01.000Z","385","nzhmzu9b","0.00004291407696044798","all","32","0.11343150585889816","0.9909966193860577","0.6470156167784045","0.7135355659784415","0.6154842502512753","0.6377282366448301","0.6549582488949247","0.7626774847870182","0.7505070993914807","0.7463651050080776","1840","9.928068701086866e-7","0.5533280079777645","0.5518122786168452","0.5488512334798834","0.6234755261972119","0.6308161708619374","0.6521083678535212","0.7626774847870182","0.7505070993914807","0.7463651050080775","0.6120787428742785","0.6474848315050724","0.6591899514870628","0.7626774847870182","0.7505070993914807","0.7463651050080775","0.005051092244684696"
"magic-sweep-24","finished","-","gillesjacobs","","2021-04-29T17:18:44.000Z","313","3wlezlzd","0.000057498050875772275","posnegneupol","32","0.03829871490597725","0.8184420572173211","0.6078322231769562","0.6831358900436988","0.6320181187908609","0.6703635555815896","0.6510317988710682","0.7586206896551724","0.7535496957403651","0.7197092084006461","1380","0.000016294994175320078","0.55118351696224","0.577833438148048","0.5318851048958098","0.6362639737589233","0.6606137369992792","0.6415439821392329","0.7586206896551724","0.7535496957403651","0.7197092084006462","0.6296140043143036","0.7047248972872099","0.6788787007931688","0.7586206896551724","0.7535496957403651","0.7197092084006462","0.5104950666427612"
"morning-sweep-32","finished","-","gillesjacobs","","2021-04-30T11:07:52.000Z","352","nzhmzu9b","0.00004190601692006895","posnegneupol","32","0.26352983713150024","0.9217195395500428","0.6037301075073981","0.6311255326637855","0.6107906427187878","0.6739901984605243","0.6494874928505269","0.7636916835699797","0.7657200811359026","0.747172859450727","1380","0.000011876199127145048","0.5518826967628926","0.5804778513094923","0.5458810448205798","0.6252002959387354","0.6674361421337253","0.6504735584201778","0.7636916835699797","0.7657200811359026","0.747172859450727","0.6061650848015573","0.6913976366996666","0.6499933209324231","0.7636916835699797","0.7657200811359026","0.747172859450727","0.21039216220378876"
"fiery-sweep-20","finished","-","gillesjacobs","","2021-04-30T09:58:23.000Z","340","nzhmzu9b","0.000058191591768002546","pol","32","0.05781369283795357","1.14761951661879","0.9291624215341384","1.0104958086441724","0.6045573201243597","0.6409775944824607","0.6479292922133307","0.7474645030425964","0.7373225152129818","0.721324717285945","1840","0.000001346248508224466","0.5237477208378539","0.5459787016468172","0.527150965671258","0.612754083097563","0.6324290638403948","0.6367291838461012","0.7474645030425964","0.7373225152129818","0.721324717285945","0.598319576563638","0.6653317123499168","0.6690785559736416","0.7474645030425964","0.7373225152129818","0.721324717285945","0.02454470843076706"
"dandy-sweep-34","finished","-","gillesjacobs","","2021-04-30T11:21:11.000Z","513","nzhmzu9b","0.00006422673042221741","pol","32","0.18743093311786652","1.1759650745699484","0.7884957838443017","0.83492484383094","0.603252606312509","0.6421533726860521","0.646472073565356","0.7484787018255578","0.7454361054766735","0.7310177705977382","1840","0.0000014858699924168283","0.5256117306351527","0.5465964684586877","0.5319742932481839","0.6104712768222121","0.6352507068142212","0.6382191951694399","0.7484787018255578","0.7454361054766734","0.7310177705977383","0.5976562885302945","0.656739569326256","0.6584368964323948","0.7484787018255578","0.7454361054766734","0.7310177705977383","0.0130705488845706"
"quiet-sweep-39","finished","-","gillesjacobs","","2021-04-30T11:59:17.000Z","581","nzhmzu9b","0.00006070874439861076","pol","64","0.13301017880439758","0.9933624440623868","0.846024481519576","0.9616064322300446","0.6200756859035005","0.6342860399922373","0.6458737939765874","0.7677484787018256","0.7667342799188641","0.7455573505654283","920","0.0000014052950092271009","0.5616580737466078","0.5690396703022432","0.5379484193223767","0.6284019592764895","0.6341896512520862","0.6554560411390398","0.7677484787018256","0.7667342799188641","0.7455573505654282","0.6145740749213623","0.6346728233930249","0.6420373020035394","0.7677484787018256","0.7667342799188641","0.7455573505654282","0.06238797679543495"
"silver-sweep-23","finished","-","gillesjacobs","","2021-04-30T10:14:26.000Z","285","nzhmzu9b","0.00005495335586715103","posnegneupol","32","0.06318633258342743","0.9473976742836736","0.603976841895811","0.6514371836032623","0.5948808047119516","0.6515257798953561","0.6457879336240216","0.7545638945233267","0.7565922920892496","0.7350565428109855","1380","0.000015573825549395027","0.5391296042760994","0.556723470479428","0.5313179999434423","0.5979781194902707","0.6510730735602966","0.6456555477983508","0.7545638945233266","0.7565922920892495","0.7350565428109854","0.5929977240077666","0.6587857241749354","0.6519484972029677","0.7545638945233266","0.7565922920892495","0.7350565428109854","0.5334303379058838"
"polar-sweep-44","finished","-","gillesjacobs","","2021-04-30T12:43:21.000Z","704","nzhmzu9b","0.00004925675030477729","pol","32","0.17477232217788696","1.1095941614720128","0.8950614160107028","0.9250894066614982","0.6228981733538484","0.647816283334833","0.6438611952489213","0.7657200811359026","0.7697768762677485","0.7495961227786753","1840","0.0000011395430955414063","0.5568142192726623","0.5734453276183674","0.5474079650199589","0.632690318677673","0.6493128688915794","0.6489265536723164","0.7657200811359026","0.7697768762677485","0.7495961227786753","0.6158915596954279","0.6470673054735722","0.6430865027838893","0.7657200811359026","0.7697768762677485","0.7495961227786753","0.02297404780983925"
"warm-sweep-29","finished","-","gillesjacobs","","2021-04-30T10:48:37.000Z","362","nzhmzu9b","0.0000625531259039465","all","64","0.1074649840593338","1.0415047368695658","0.6219669791959948","0.6729100713363061","0.6319685008486048","0.6518192773072634","0.6413277426325106","0.7697768762677485","0.7647058823529412","0.7495961227786753","920","0.000001447989025554317","0.5688335155347811","0.573251455294197","0.5447927871287177","0.6370665183504199","0.6467832407736392","0.6532209559987338","0.7697768762677485","0.7647058823529411","0.7495961227786753","0.6276227537426317","0.6589381370218232","0.6381197037067988","0.7697768762677485","0.7647058823529411","0.7495961227786753","0.20375746488571167"
"comic-sweep-64","finished","-","gillesjacobs","","2021-04-30T16:03:10.000Z","633","nzhmzu9b","0.00006337605466357609","pol","32","0.28882458806037903","1.0086495510993465","0.7287126818010884","0.802494615316391","0.6146154741314601","0.6634197865570197","0.6412740441138813","0.7647058823529412","0.7535496957403651","0.7269789983844911","1840","0.0000014661898129225236","0.5557829913208122","0.5720972133754145","0.5265010564160189","0.6221294576815707","0.6575962746119141","0.6342772947777936","0.7647058823529411","0.7535496957403651","0.7269789983844911","0.6090141651846276","0.6901867517881027","0.6538455282046629","0.7647058823529411","0.7535496957403651","0.7269789983844911","0.008156062103807926"
"polar-sweep-48","finished","-","gillesjacobs","","2021-04-30T13:23:42.000Z","625","nzhmzu9b","0.00004644499049021479","pol","64","0.14680765569210052","0.9155218072475926","0.6774262526342946","0.7802058362807983","0.6115363679016005","0.6453056692095952","0.641260417958926","0.7758620689655173","0.7586206896551724","0.7382875605815832","920","0.0000010751155206068238","0.5739322257414382","0.5639045056676626","0.5330510290044085","0.6230259422778617","0.6404545783618494","0.63831782229942","0.7758620689655172","0.7586206896551724","0.7382875605815832","0.6075479516168933","0.6534308339805185","0.644580647581773","0.7758620689655172","0.7586206896551724","0.7382875605815832","0.14109158515930176"
"splendid-sweep-6","finished","-","gillesjacobs","","2021-04-30T09:02:38.000Z","239","nzhmzu9b","0.00005463736733554997","pol","32","0.1577412635087967","1.1766897997548502","0.7983132898807526","0.8440585098205469","0.6061346804500858","0.6235232075343796","0.6395071882153508","0.7596348884381339","0.7363083164300203","0.7269789983844911","1840","0.0000012640223790757657","0.5421923710279342","0.5271954947137628","0.5201179883720538","0.6184824184073495","0.6226955193582172","0.6350837233144456","0.7596348884381339","0.7363083164300203","0.7269789983844911","0.598471296174705","0.6325373401571506","0.6479138658705996","0.7596348884381339","0.7363083164300203","0.7269789983844911","0.00958561897277832"
"fast-sweep-62","finished","-","gillesjacobs","","2021-04-30T15:45:11.000Z","533","nzhmzu9b","0.00005205547442420504","posnegneupol","64","0.08711341768503189","0.8813070875983084","0.5762107612625245","0.6738023899304562","0.6329677494865558","0.6493698652217522","0.6383493411092863","0.7657200811359026","0.7768762677484787","0.7520193861066236","805","0.000007229927003361812","0.5591649382598366","0.5887590857392556","0.5462333148228188","0.6405979297620165","0.6495047829837276","0.646594057065095","0.7657200811359026","0.7768762677484787","0.7520193861066236","0.6267544461669704","0.6501642275659479","0.6340233255639033","0.7657200811359026","0.7768762677484787","0.7520193861066236","0.06333427131175995"
"sunny-sweep-63","finished","-","gillesjacobs","","2021-04-30T15:54:05.000Z","543","nzhmzu9b","0.00005591257899692518","all","64","0.2193649262189865","0.9253154521988284","0.6204373615403329","0.7035677948823342","0.6145028054789939","0.6370618970478384","0.6380253888527845","0.7697768762677485","0.7505070993914807","0.7318255250403876","805","0.000007765635971795164","0.559288317106505","0.554075098224634","0.5386094364098273","0.6334918390286605","0.6304664629804295","0.6408973249102708","0.7697768762677485","0.7505070993914807","0.7318255250403877","0.6058969807995465","0.6473037583086789","0.6489099737818007","0.7697768762677485","0.7505070993914807","0.7318255250403877","0.04602369666099548"
"magic-sweep-9","finished","-","gillesjacobs","","2021-04-30T09:12:21.000Z","205","nzhmzu9b","0.00006025655100181846","posnegneupol","32","0.07007155567407608","0.93728185949787","0.5790166787562832","0.6453179636826882","0.6305496193588015","0.6840489657139676","0.6364292048229082","0.7535496957403651","0.7789046653144016","0.7342487883683361","1380","0.00001707675534464491","0.5451037201546671","0.5992501649472226","0.5216424187083688","0.6299980941490376","0.6774753024753025","0.6360708419875793","0.7535496957403651","0.7789046653144016","0.7342487883683361","0.6311469863949499","0.6950954556015138","0.6368162272563923","0.7535496957403651","0.7789046653144016","0.7342487883683361","0.17140230536460876"
"balmy-sweep-25","finished","-","gillesjacobs","","2021-04-29T17:23:59.000Z","561","3wlezlzd","0.000040391779714534","pol","16","0.46853524446487427","1.303624726110889","0.8940335665979693","0.9559755459045752","0.6186547581656303","0.6404673522148683","0.6364129858338403","0.7697768762677485","0.7535496957403651","0.7326332794830371","3672","2.574961326339461e-7","0.5653868643661096","0.5547344624060977","0.5228617703482237","0.6264842949689072","0.6384791877162365","0.6338359692533905","0.7697768762677485","0.7535496957403651","0.7326332794830371","0.6139536090550067","0.6483194082063671","0.6395773636926569","0.7697768762677485","0.7535496957403651","0.7326332794830371","0.01061436627060175"
"swept-sweep-66","finished","-","gillesjacobs","","2021-04-30T16:24:25.000Z","521","nzhmzu9b","0.00007138660267139933","posnegneupol","32","0.10474223643541336","1.056544268323529","0.5992128051096394","0.6453019315615679","0.5845803391825751","0.6132543989704778","0.6360646037785928","0.7474645030425964","0.7434077079107506","0.7479806138933764","1380","0.000020231020999991713","0.5125516930206363","0.5203376505509577","0.5365534578997951","0.6080873724210619","0.6171486543735646","0.649719614586238","0.7474645030425964","0.7434077079107505","0.7479806138933764","0.576068766616615","0.6098801751787112","0.6294319573361714","0.7474645030425964","0.7434077079107505","0.7479806138933764","0.30763211846351624"
"glad-sweep-15","finished","-","gillesjacobs","","2021-04-30T09:37:02.000Z","233","nzhmzu9b","0.000040772492886248494","all","64","0.18118590116500857","0.8696765620862285","0.5673690053724474","0.6329994472937707","0.6080225397931914","0.6470898971630277","0.6360292271972979","0.768762677484787","0.781947261663286","0.754442649434572","805","0.00000566284623420118","0.5581892597924879","0.5844294669613781","0.5455390330553128","0.624326732316855","0.6684441200040898","0.6623695616364175","0.768762677484787","0.781947261663286","0.7544426494345718","0.6013008075008909","0.6351340827014489","0.6278094116033343","0.768762677484787","0.781947261663286","0.7544426494345718","0.03401002660393715"
"wild-sweep-19","finished","-","gillesjacobs","","2021-04-29T16:40:40.000Z","378","3wlezlzd","0.00009464415021299672","all","32","0.027307819575071335","1.087497165126185","0.7745633875170062","0.8231064547330905","0.5889564843637194","0.6311405128880373","0.6355611475819597","0.7535496957403651","0.7464503042596349","0.7302100161550888","1840","0.0000021895696983920583","0.5339479173468072","0.5347064106108165","0.512621587816937","0.5939325411490758","0.6328569486637861","0.6370007591159879","0.7535496957403651","0.7464503042596349","0.7302100161550888","0.5869984216010696","0.6336625807347388","0.6345237008923391","0.7535496957403651","0.7464503042596349","0.7302100161550888","0.005506990011781454"
"exalted-sweep-30","finished","-","gillesjacobs","","2021-04-30T10:54:41.000Z","411","nzhmzu9b","0.000051713327855592045","all","32","0.05743525177240372","1.0868337048638252","0.7715969499080412","0.8440614640712738","0.6139311839129326","0.6415770732680736","0.6353122793756775","0.755578093306288","0.7606490872210954","0.7463651050080776","1840","0.0000011963754275440611","0.5371569452322728","0.5635384634798783","0.541063293871225","0.6240294330083063","0.6383892208048513","0.6441911671387919","0.755578093306288","0.7606490872210954","0.7463651050080775","0.6065377089586073","0.6458038138665783","0.6345372621476161","0.755578093306288","0.7606490872210954","0.7463651050080775","0.0052788532339036465"
"gallant-sweep-52","finished","-","gillesjacobs","","2021-04-30T14:13:31.000Z","551","nzhmzu9b","0.000045383179900834514","pol","32","0.0964604839682579","1.1061858457903708","0.7868749018638365","0.884091501052563","0.6029445085651184","0.6478986547181976","0.6335803248395698","0.755578093306288","0.7596348884381339","0.7326332794830371","1840","0.0000010499289739927013","0.5379374211986558","0.5630500360715606","0.520508412607051","0.610409185618655","0.6452754121794086","0.632607476347249","0.755578093306288","0.7596348884381339","0.7326332794830371","0.5977749705028158","0.6547048033517754","0.6349796799652996","0.755578093306288","0.7596348884381339","0.7326332794830371","0.012998069636523724"
"snowy-sweep-19","finished","-","gillesjacobs","","2021-04-30T09:52:54.000Z","328","nzhmzu9b","0.00004518614273488974","all","32","0.13278883695602417","0.9889621475050526","0.6087432936314614","0.686946933850264","0.6222710194109203","0.6604022091583704","0.6318923312556114","0.7778904665314401","0.7667342799188641","0.7407108239095315","1840","0.0000010453705664520472","0.5779385554956331","0.576377462791905","0.5324315797824506","0.6355490367443887","0.6545715022521926","0.6320026956036057","0.7778904665314401","0.7667342799188641","0.7407108239095315","0.6167402982142046","0.6679585017153625","0.6320659559374077","0.7778904665314401","0.7667342799188641","0.7407108239095315","0.003904806450009346"
"easy-sweep-9","finished","-","gillesjacobs","","2021-04-29T15:41:00.000Z","317","3wlezlzd","0.00005019515346908736","all","32","0.1460753083229065","1.1597426254903116","0.6351594886472148","0.677025073613876","0.5986434108527132","0.6251045559403078","0.6310358632204119","0.7515212981744422","0.7383367139959433","0.7415185783521809","1840","0.0000011612528275092505","0.53164385104139","0.5241901622893801","0.5308013524130775","0.6045171035880799","0.6214407230196705","0.6337267903865116","0.7515212981744422","0.7383367139959433","0.7415185783521809","0.5944534598112379","0.6308668002829193","0.6293967356240708","0.7515212981744422","0.7383367139959433","0.7415185783521809","0.00202450854703784"
"lyric-sweep-12","finished","-","gillesjacobs","","2021-04-29T15:57:22.000Z","351","3wlezlzd","0.00006094463845542077","all","32","0.11325306445360184","1.2460163293346282","0.6378057195294288","0.7039478348615842","0.6140738383864527","0.6337546093038651","0.6303674981727276","0.755578093306288","0.7636916835699797","0.7390953150242328","1840","0.0000014099395825429907","0.5447790168371069","0.5677216607689988","0.5255376934180754","0.6166146318727269","0.6313942421172275","0.6353988973307924","0.755578093306288","0.7636916835699797","0.7390953150242326","0.6130101349096327","0.6366445049078124","0.6280212198056389","0.755578093306288","0.7636916835699797","0.7390953150242326","0.0017059063538908958"
"glowing-sweep-31","finished","-","gillesjacobs","","2021-04-30T11:01:34.000Z","377","nzhmzu9b","0.0000457511177269202","pol","64","0.1893182247877121","0.9219901734782804","0.594148209018092","0.6702977365408188","0.6086517147599845","0.6497210437922252","0.6303154527305159","0.7616632860040567","0.7758620689655173","0.7536348949919226","920","0.0000010590536510861158","0.5486412066570001","0.5798937701490169","0.5428178347074295","0.6175217541505886","0.6557963514930728","0.6484636783074093","0.7616632860040567","0.7758620689655172","0.7536348949919225","0.6032822735441206","0.6445179802594168","0.6223387807419319","0.7616632860040567","0.7758620689655172","0.7536348949919225","0.1201803907752037"
"fancy-sweep-11","finished","-","gillesjacobs","","2021-04-30T09:19:37.000Z","280","nzhmzu9b","0.00006548939263614878","pol","32","0.255096971988678","1.094213572240645","0.7539849012128769","0.8171089734786596","0.6157454245689541","0.6443324775373976","0.6300660845481678","0.755578093306288","0.7434077079107506","0.715670436187399","1840","0.000001515081379667988","0.5435500663307083","0.5466313872749844","0.513116181024929","0.6189862166246431","0.6340865202900045","0.6211231459602935","0.755578093306288","0.7434077079107505","0.715670436187399","0.6133631900097983","0.6613792580277204","0.6457686869403764","0.755578093306288","0.7434077079107505","0.715670436187399","0.025841331109404564"
"true-sweep-51","finished","-","gillesjacobs","","2021-04-30T13:57:17.000Z","466","nzhmzu9b","0.00006544222701347875","all","64","0.121277816593647","0.9308526938961398","0.5544887156255783","0.6728078359976793","0.6016074270122428","0.6473432030756872","0.6296751961851949","0.7677484787018256","0.781947261663286","0.7487883683360258","805","0.000009089198196316491","0.5524506131330466","0.5907779415865676","0.5442344900013101","0.6249620591270564","0.6597798857627413","0.6476162686412567","0.7677484787018256","0.781947261663286","0.7487883683360258","0.5932013570784428","0.64195956375264","0.6287831165597829","0.7677484787018256","0.781947261663286","0.7487883683360258","0.04519526660442352"
"ethereal-sweep-34","finished","-","gillesjacobs","","2021-04-29T18:34:18.000Z","431","3wlezlzd","0.00004696120582289536","pol","32","0.06756910681724548","1.0895805945319514","0.6034544163173244","0.7071750530829797","0.6109402060296739","0.6534862149280177","0.6295409270042017","0.7697768762677485","0.7941176470588235","0.7504038772213247","1840","0.0000010864362249368504","0.5676349091403496","0.6096814286727861","0.5401071806159867","0.6152808408682798","0.668415729644722","0.6411943543002931","0.7697768762677485","0.7941176470588235","0.7504038772213247","0.6090472028231732","0.6447455596760172","0.6241375801210739","0.7697768762677485","0.7941176470588235","0.7504038772213247","0.027989882975816727"
"glowing-sweep-46","finished","-","gillesjacobs","","2021-04-30T13:06:16.000Z","523","nzhmzu9b","0.000056225468962937546","all","32","0.1495686024427414","1.195615319475051","0.6342622666589676","0.7218603602586648","0.6075399719306819","0.6679896489569966","0.6292488735115106","0.7586206896551724","0.7738336713995944","0.7447495961227787","1840","0.0000013007627290442462","0.5450601933571894","0.5847944968916787","0.536740950541552","0.6156622792234542","0.6656785331518118","0.6376719917744732","0.7586206896551724","0.7738336713995944","0.7447495961227787","0.6042038810510327","0.6705303868038007","0.6281936841521686","0.7586206896551724","0.7738336713995944","0.7447495961227787","0.0014489114983007312"
"vague-sweep-33","finished","-","gillesjacobs","","2021-04-30T11:13:50.000Z","440","nzhmzu9b","0.00005749480816097247","all","32","0.2912576496601105","1.1876141121310573","0.6877586870424209","0.7730635668222721","0.607994181845618","0.6594262519945809","0.6288811779923206","0.7505070993914807","0.7586206896551724","0.7294022617124394","1840","0.000001330128586720011","0.5352844856519169","0.5749068827779075","0.5205866390766709","0.610208857597244","0.6493088355689904","0.625495736100811","0.7505070993914807","0.7586206896551724","0.7294022617124394","0.6059705430235025","0.6788318659511682","0.6342465016655338","0.7505070993914807","0.7586206896551724","0.7294022617124394","0.001417327206581831"
"dashing-sweep-23","finished","-","gillesjacobs","","2021-04-29T17:11:17.000Z","446","3wlezlzd","0.00007223985210047867","pol","32","0.1287596970796585","1.135045362095679","0.7764727857805067","0.8032064506640801","0.5840886416051975","0.6256941648313122","0.6286356575215825","0.7505070993914807","0.7251521298174443","0.717285945072698","1840","0.0000016712516391088183","0.5260383038392281","0.5242306109582079","0.5133821484043017","0.5937129282056289","0.6186451208322266","0.6202113175510616","0.7505070993914807","0.7251521298174443","0.7172859450726979","0.5821446220646663","0.647482533923495","0.6426384351543787","0.7505070993914807","0.7251521298174443","0.7172859450726979","0.012713564559817314"
"mild-sweep-60","finished","-","gillesjacobs","","2021-04-30T15:26:21.000Z","604","nzhmzu9b","0.00005296537810409292","all","32","0.026174446567893028","1.1004603168656748","0.6307282630474337","0.6787698203936602","0.6094951283120863","0.633601272905529","0.6282690187533241","0.7616632860040567","0.7576064908722109","0.747172859450727","1840","0.0000012253413095221037","0.548120482450253","0.5482007305571269","0.5329907071007338","0.6193866199325083","0.6374819114638869","0.6437402548365236","0.7616632860040567","0.757606490872211","0.747172859450727","0.6038073105480584","0.6306212561551914","0.6213386957728585","0.7616632860040567","0.757606490872211","0.747172859450727","0.0024804396089166403"
"stilted-sweep-38","finished","-","gillesjacobs","","2021-04-30T11:52:44.000Z","392","nzhmzu9b","0.00004336350752106552","all","64","0.20819352567195892","0.8435301396154589","0.5939104143650301","0.7000005398041163","0.6214116896787854","0.643118497212457","0.6278296421033783","0.7667342799188641","0.7920892494929005","0.7504038772213247","805","0.000006022709377925767","0.5607067397655818","0.6072490452540129","0.5418338448396177","0.6286157961700324","0.6624019919474465","0.6634606624872953","0.7667342799188641","0.7920892494929006","0.7504038772213247","0.6166314007701256","0.6373003059942913","0.6233993494216078","0.7667342799188641","0.7920892494929006","0.7504038772213247","0.06998614221811295"
"breezy-sweep-1","finished","-","gillesjacobs","","2021-04-30T08:44:43.000Z","148","nzhmzu9b","0.000055755346945556056","posnegneupol","64","0.11877278238534927","0.9405641632695352","0.5742829951547808","0.651810402671496","0.6178419128685427","0.6645050098259205","0.6277925172586009","0.7535496957403651","0.7880324543610547","0.747172859450727","805","0.000007743798186882786","0.5404144769408077","0.607268514018458","0.5433481439776017","0.6214675276876234","0.6667430778635225","0.633385746803949","0.7535496957403651","0.7880324543610547","0.747172859450727","0.6148617479802575","0.6632361594973208","0.6292000846208673","0.7535496957403651","0.7880324543610547","0.747172859450727","0.11282861977815628"
"icy-sweep-48","finished","-","gillesjacobs","","2021-04-29T20:34:00.000Z","504","3wlezlzd","0.000042301221176965455","posnegneupol","16","0.10008232295513152","1.084542582111974","0.6227734771467024","0.6548287394719247","0.5965876472332955","0.6410133818028555","0.6275631680822616","0.768762677484787","0.7657200811359026","0.7552504038772213","2754","0.000011301572276198828","0.5590225494279152","0.5631581636521344","0.5510189850374672","0.6119516968856614","0.644535711021143","0.6434479498995628","0.768762677484787","0.7657200811359026","0.7552504038772213","0.5951632540647883","0.6379612964460573","0.625230844313","0.768762677484787","0.7657200811359026","0.7552504038772213","0.5704073309898376"
"morning-sweep-11","finished","-","gillesjacobs","","2021-04-29T10:48:12.000Z","230","yza9b7du","0.00006481958333482428","posnegneupol","32","0.10186601430177689","0.9151984914656608","0.6405288125238111","0.6726267337799072","0.6150221931768421","0.6463357592818277","0.6271710131961706","0.7474645030425964","0.731237322515213","0.7059773828756059","1380","0.000018369922402581785","0.5252459006444408","0.5427947911666232","0.502778258372526","0.6230296168743246","0.6421999893500888","0.622705202715094","0.7474645030425964","0.731237322515213","0.7059773828756059","0.6091824630351805","0.6782188870316772","0.6471243260039059","0.7474645030425964","0.731237322515213","0.7059773828756059","0.0951889306306839"
"morning-sweep-59","finished","-","gillesjacobs","","2021-04-30T15:16:22.000Z","598","nzhmzu9b","0.000055972180395645896","pol","32","0.1354132890701294","1.1083732651126","0.734363978908908","0.8479454605243145","0.6016641768027821","0.6225179312674456","0.6271402093022428","0.7525354969574036","0.7484787018255578","0.722940226171244","1840","0.00000129490295883507","0.5358923493460178","0.5422369916360416","0.516621362143807","0.6060857299541481","0.6191775010232419","0.6212529088666965","0.7525354969574036","0.7484787018255578","0.722940226171244","0.5979995591020181","0.6269045614322807","0.6369245636783464","0.7525354969574036","0.7484787018255578","0.722940226171244","0.010714510455727575"
"prime-sweep-21","finished","-","gillesjacobs","","2021-04-30T10:04:04.000Z","275","nzhmzu9b","0.00007027879433207963","posnegneupol","32","0.36289483308792114","0.9099868593677398","0.6251298689073131","0.663920175570708","0.6189307839428845","0.6263048152119314","0.6269290010627175","0.7525354969574036","0.7251521298174443","0.7245557350565428","1380","0.00001991706721961771","0.5383244307810647","0.5139599247978941","0.5083062917538357","0.6224737852046289","0.6235418681070856","0.624182913153294","0.7525354969574036","0.7251521298174443","0.7245557350565428","0.6158689998211452","0.6413540717800137","0.6299801853759588","0.7525354969574036","0.7251521298174443","0.7245557350565428","0.48757845163345337"
"hardy-sweep-18","finished","-","gillesjacobs","","2021-04-29T16:35:09.000Z","330","3wlezlzd","0.000059662919600290054","posnegneupol","32","0.2357572466135025","1.0610596133816628","0.5985769860206112","0.6765546489220399","0.6063484983645555","0.6512866037755376","0.6265781578049184","0.7596348884381339","0.77079107505071","0.7463651050080776","1610","0.000008281723946830315","0.5488445863526524","0.5757793946360031","0.5343756197698508","0.6182519975571349","0.6516593123735981","0.6394617988942399","0.7596348884381339","0.77079107505071","0.7463651050080775","0.6049437221257303","0.65113844176829","0.6223048221297565","0.7596348884381339","0.77079107505071","0.7463651050080775","0.012093191966414452"
"laced-sweep-54","finished","-","gillesjacobs","","2021-04-30T14:30:33.000Z","604","nzhmzu9b","0.00007393981497158797","all","64","0.11240817606449129","1.0592497442999194","0.7517166435718536","0.8441557127695817","0.6061438038211213","0.6265634120609073","0.6265357424122188","0.7596348884381339","0.7738336713995944","0.747172859450727","920","0.0000017115697910089807","0.5416856798715185","0.5746030715441616","0.5392540779914968","0.6193185438034085","0.6350703660916824","0.6545277964519352","0.7596348884381339","0.7738336713995944","0.747172859450727","0.5979462591707672","0.6228785448861281","0.6242786120552783","0.7596348884381339","0.7738336713995944","0.747172859450727","0.12479964643716812"
"fanciful-sweep-50","finished","-","gillesjacobs","","2021-04-30T13:46:23.000Z","652","nzhmzu9b","0.00006161828425978549","all","32","0.07443041354417801","1.1819372657806642","0.6456833376038459","0.7154242793718973","0.618123789036008","0.6402099153250919","0.6259556296185357","0.7606490872210954","0.7535496957403651","0.7342487883683361","1840","0.0000014255242165363907","0.5478474983098873","0.5593729703193326","0.5252021410304833","0.6272251836037478","0.6325446644133269","0.6244915026009553","0.7606490872210954","0.7535496957403651","0.7342487883683361","0.6121741717366963","0.6512885570336003","0.6294081035233968","0.7606490872210954","0.7535496957403651","0.7342487883683361","0.0017230998491868377"
"trim-sweep-4","finished","-","gillesjacobs","","2021-04-30T08:54:46.000Z","229","nzhmzu9b","0.00007705600876367828","pol","32","0.14772672951221466","1.2015543887692113","0.8165637360465142","0.9067935324632204","0.5842675883582461","0.6241514636203297","0.6242092754438944","0.7494929006085193","0.7190669371196755","0.6946688206785138","1840","0.0000017826722675229213","0.5215682271274058","0.5130881711949834","0.4868869666083685","0.5954361941131489","0.6182967399120284","0.6160591215552945","0.7494929006085193","0.7190669371196755","0.6946688206785138","0.5800016518819273","0.6468816371140237","0.6483853349865605","0.7494929006085193","0.7190669371196755","0.6946688206785138","0.005731045268476009"
"fiery-sweep-11","finished","-","gillesjacobs","","2021-04-29T15:51:22.000Z","358","3wlezlzd","0.00006228636039734968","all","32","0.04299928992986679","1.174150007386361","0.8350856179191221","1.0005528847567546","0.6115333133307428","0.6364005166463044","0.6234813737157922","0.7616632860040567","0.7738336713995944","0.7423263327948304","1840","0.0000014409799976252094","0.5497015741151198","0.5712415434762051","0.5220119896986903","0.6192909726808032","0.6488202518175022","0.6407021604204113","0.7616632860040567","0.7738336713995944","0.7423263327948304","0.6062605136639752","0.6274409873104173","0.6149095171541089","0.7616632860040567","0.7738336713995944","0.7423263327948304","0.0023755845613777637"
"eager-sweep-28","finished","-","gillesjacobs","","2021-04-29T17:48:05.000Z","453","3wlezlzd","0.00005331301282137202","posnegneupol","32","0.029623616486787796","1.1041658347652803","0.8840189162761934","0.960080501742852","0.6206408084621013","0.6338451428346905","0.623221047324134","0.7718052738336714","0.7677484787018256","0.7447495961227787","1840","0.0000012333837552659808","0.5677457445314075","0.5635406779581288","0.5273023731303838","0.6304312287440459","0.6408274325477569","0.6468903689584108","0.7718052738336714","0.7677484787018256","0.7447495961227787","0.6145642903929202","0.6280621464125938","0.6159612441343091","0.7718052738336714","0.7677484787018256","0.7447495961227787","0.08576102554798126"
"vital-sweep-19","finished","-","gillesjacobs","","2021-04-29T11:33:39.000Z","348","yza9b7du","0.000073075079015254","pol","32","0.21784991025924683","1.1638989025546658","0.7629018502850686","0.814987125305029","0.6048970800694528","0.6319191852521556","0.6227006433598402","0.7565922920892496","0.7413793103448276","0.7237479806138933","1840","0.0000016905744133083632","0.5402044128876402","0.5367816658508362","0.5102706326701065","0.6123614244986452","0.625475335967941","0.6194128826979068","0.7565922920892495","0.7413793103448276","0.7237479806138933","0.6004429776894925","0.6430802091670732","0.6278639126582105","0.7565922920892495","0.7413793103448276","0.7237479806138933","0.011704347096383572"
"lyric-sweep-68","finished","-","gillesjacobs","","2021-04-30T16:42:24.000Z","617","nzhmzu9b","0.00006929379164270701","pol","64","0.1508202999830246","1.0572568966496376","0.6378709510449441","0.7062978438841991","0.6017130384888991","0.6173773216014745","0.6222759513861323","0.7636916835699797","0.7738336713995944","0.7576736672051696","920","0.0000016040229546922915","0.5490425820698269","0.572088924283362","0.5471420651904226","0.6146768990474396","0.6267959212562296","0.6467813303768302","0.7636916835699797","0.7738336713995944","0.7576736672051696","0.5960083085303459","0.6134187875226267","0.6143285936020711","0.7636916835699797","0.7738336713995944","0.7576736672051696","0.09809860587120056"
"smart-sweep-2","finished","-","gillesjacobs","","2021-04-29T15:03:09.000Z","206","3wlezlzd","0.00009037206955341469","pol","32","0.03254961222410202","1.130772416630099","0.7008707244550029","0.7955651558362521","0.608758375688595","0.642454481154718","0.622059603237706","0.7677484787018256","0.7596348884381339","0.7294022617124394","1840","0.0000020907361377308195","0.5587714998308275","0.5648696897768501","0.5188692839307727","0.6194289414654989","0.6391210827334871","0.6302558268473228","0.7677484787018256","0.7596348884381339","0.7294022617124394","0.6038831703535918","0.6483861767192792","0.6253684197913284","0.7677484787018256","0.7596348884381339","0.7294022617124394","0.01613680273294449"
"stellar-sweep-24","finished","-","gillesjacobs","","2021-04-30T10:19:12.000Z","329","nzhmzu9b","0.00007166373448582589","pol","64","0.1586323380470276","1.0242794093585783","0.7985663961979651","0.8596646304313953","0.6131631326383472","0.6173656381283501","0.6216977125701267","0.7647058823529412","0.7667342799188641","0.7439418416801292","920","0.000001658882742727451","0.5584206437398436","0.5621890273347165","0.5240997029795236","0.6176874760415435","0.623157066500846","0.6390663338828082","0.7647058823529411","0.7667342799188641","0.7439418416801292","0.6095392021885653","0.6126030866423955","0.6131585704863184","0.7647058823529411","0.7667342799188641","0.7439418416801292","0.09782467782497406"
"devout-sweep-9","finished","-","gillesjacobs","","2021-04-29T10:37:05.000Z","379","yza9b7du","0.00005069072081957285","all","16","0.07355141639709473","1.4506401669594549","0.9120622767556098","1.0102499412038388","0.6056495478285249","0.6216534326615929","0.6216684433763089","0.7565922920892496","0.7515212981744422","0.7334410339256866","3672","3.231515091366568e-7","0.5425955843476169","0.5409375153456485","0.5142865854794538","0.6103865222639169","0.6222937584341672","0.6301140004870347","0.7565922920892495","0.7515212981744422","0.7334410339256866","0.6020180887013059","0.6214296027937007","0.618970673584904","0.7565922920892495","0.7515212981744422","0.7334410339256866","0.0012931644450873137"
"deft-sweep-41","finished","-","gillesjacobs","","2021-04-30T12:18:01.000Z","603","nzhmzu9b","0.00005621424130508659","pol","32","0.02352297492325306","1.1134414653624258","0.6637392803545921","0.7055448910746819","0.6146791639625248","0.6322515490855517","0.6213956728855422","0.7606490872210954","0.7657200811359026","0.7504038772213247","1840","0.000001300502979874762","0.5477321950687023","0.5565629981488172","0.5315330596653144","0.6237978052151666","0.6437417586582402","0.6472452278903892","0.7606490872210954","0.7657200811359026","0.7504038772213247","0.6091959316168417","0.6236042241433437","0.6096062982395357","0.7606490872210954","0.7657200811359026","0.7504038772213247","0.009340890683233738"
"warm-sweep-20","finished","-","gillesjacobs","","2021-04-29T16:47:00.000Z","376","3wlezlzd","0.00004673754326635702","pol","32","0.03753630444407463","1.1314341887351005","0.8262854612642719","0.9303980729518792","0.6248818981927707","0.6516214528006614","0.6213881796622218","0.768762677484787","0.744421906693712","0.7189014539579967","1840","0.000001081261845375524","0.5612258741041498","0.5559195801912388","0.5085508437551598","0.6367970288504017","0.6433798364574324","0.6151429578438328","0.768762677484787","0.744421906693712","0.7189014539579968","0.6165450632003292","0.6766663358941466","0.6305394484711728","0.768762677484787","0.744421906693712","0.7189014539579968","0.032238539308309555"
"major-sweep-32","finished","-","gillesjacobs","","2021-04-29T18:18:54.000Z","513","3wlezlzd","0.000041495779763870744","pol","16","0.4862881898880005","1.2368605482962824","0.8804089148198405","0.9734571285736866","0.6215153199828413","0.64733208501672","0.6213422877466779","0.7636916835699797","0.7454361054766735","0.721324717285945","3672","2.645340929600569e-7","0.5522234734747161","0.5473953081320789","0.5035905338174997","0.6337813479015668","0.6430702861583951","0.6187875847958294","0.7636916835699797","0.7454361054766734","0.721324717285945","0.614402786253411","0.6644522337741718","0.624558670325833","0.7636916835699797","0.7454361054766734","0.721324717285945","0.015712669119238853"
"zesty-sweep-61","finished","-","gillesjacobs","","2021-04-30T15:36:27.000Z","522","nzhmzu9b","0.00006381430032982127","posnegneupol","64","0.1563483029603958","0.9696448666434134","0.578008109523404","0.6365467107448822","0.6041360436270039","0.6568987091022382","0.6212681607174088","0.7576064908722109","0.7799188640973631","0.7447495961227787","805","0.000008863097268030732","0.5401023391928605","0.5907010593403171","0.529933607581232","0.613731713991822","0.6597815158861671","0.6326501788775883","0.757606490872211","0.7799188640973631","0.7447495961227787","0.5978606148367914","0.6544929900984137","0.6163756859955435","0.757606490872211","0.7799188640973631","0.7447495961227787","0.114253431558609"
"lyric-sweep-17","finished","-","gillesjacobs","","2021-04-30T09:45:00.000Z","245","nzhmzu9b","0.00005944660970157808","all","64","0.16884349286556244","0.9491800896583064","0.5857373091482347","0.6768045578247461","0.614704036040028","0.6452265225002859","0.6212153087303308","0.7545638945233267","0.7728194726166328","0.7342487883683361","805","0.000008256473569663622","0.5432924636049677","0.5779463116183181","0.5168957436619124","0.6164445826344173","0.6472185843070938","0.6301026126923023","0.7545638945233266","0.7728194726166329","0.7342487883683361","0.6133203678428106","0.6436834035581219","0.6194745053692159","0.7545638945233266","0.7728194726166329","0.7342487883683361","0.04064508527517319"
"splendid-sweep-7","finished","-","gillesjacobs","","2021-04-30T09:06:39.000Z","175","nzhmzu9b","0.000050114130023390155","posnegneupol","64","0.0960339531302452","0.8857858243488497","0.5717002509101745","0.6524333235545036","0.6267403026875519","0.628669687213991","0.6209164256314764","0.7636916835699797","0.7636916835699797","0.7415185783521809","805","0.0000069602958365819665","0.5564718677335587","0.5619550510127168","0.5299514898595229","0.6330208994376785","0.6309052199196358","0.6242057334087259","0.7636916835699797","0.7636916835699797","0.7415185783521809","0.6215904136973891","0.6271938388369325","0.6200135588656285","0.7636916835699797","0.7636916835699797","0.7415185783521809","0.030109914019703865"
"dazzling-sweep-35","finished","-","gillesjacobs","","2021-04-30T11:29:46.000Z","505","nzhmzu9b","0.000042302042820136735","all","32","0.15142656862735748","1.1001851097229989","0.6372305770074168","0.6960670004288355","0.5768067607344358","0.6252735835934544","0.6206061621626661","0.7383367139959433","0.7515212981744422","0.7358642972536348","1840","9.786476071749388e-7","0.504807138891264","0.5472998994180939","0.5197624308014729","0.5826871297792138","0.6216281027665257","0.6267353080709245","0.7383367139959433","0.7515212981744422","0.7358642972536349","0.5730581820940356","0.629658212952933","0.619517305680867","0.7383367139959433","0.7515212981744422","0.7358642972536349","0.003958569373935461"
"feasible-sweep-3","finished","-","gillesjacobs","","2021-04-30T08:50:56.000Z","229","nzhmzu9b","0.0000754210125301678","pol","32","0.04071959853172302","0.9126074160298994","0.8051363820991209","0.9067696424630972","0.6273869419305033","0.6335937025186591","0.6205405203398727","0.7677484787018256","0.7718052738336714","0.7431340872374798","1840","0.000001744847022097578","0.5604051171874","0.5736152128590005","0.5315551211259675","0.6386938048218317","0.6403449256710126","0.6328504709227419","0.7677484787018256","0.7718052738336714","0.7431340872374798","0.6201775000609057","0.6306775469038405","0.6196872438275465","0.7677484787018256","0.7718052738336714","0.7431340872374798","0.05104007571935654"
"astral-sweep-47","finished","-","gillesjacobs","","2021-04-30T13:15:01.000Z","520","nzhmzu9b","0.000040662966574964366","pol","64","0.196231409907341","0.865571686337071","0.6335266155581321","0.7324445243829336","0.6244575775285449","0.6431925776467267","0.6201836071093877","0.7616632860040567","0.7697768762677485","0.7399030694668821","920","9.412723744204712e-7","0.5535958329989966","0.5696156441185711","0.5216863070483557","0.6306728498616262","0.647721470687412","0.6289366557675792","0.7616632860040567","0.7697768762677485","0.7399030694668821","0.6207986591630821","0.6391826591218841","0.6154184013381213","0.7616632860040567","0.7697768762677485","0.7399030694668821","0.19377367198467255"
"denim-sweep-51","finished","-","gillesjacobs","","2021-04-30T14:05:04.000Z","506","nzhmzu9b","0.00007162242863646757","all","64","0.09150194376707076","1.050803149900129","0.9306473626244453","1.0565323325303884","0.6033463091930685","0.6292448529835114","0.6200305795245974","0.7647058823529412","0.7464503042596349","0.721324717285945","920","0.0000016579265888071196","0.5510437015208105","0.5360254741941674","0.5034051858271186","0.6188156886686298","0.6302037053782805","0.6184095017566434","0.7647058823529411","0.7464503042596349","0.721324717285945","0.5981512787130849","0.6322594516266976","0.6227195968348901","0.7647058823529411","0.7464503042596349","0.721324717285945","0.21978022158145905"
"efficient-sweep-27","finished","-","gillesjacobs","","2021-04-30T10:37:28.000Z","348","nzhmzu9b","0.000050531396409199514","all","64","0.19738496840000153","0.9485155098861264","0.6148037910461426","0.7166104698792483","0.6111188623932179","0.6528578597759264","0.6198960637544215","0.7576064908722109","0.7758620689655173","0.7431340872374798","920","0.0000011697082502129516","0.5409646724948952","0.5802275459708837","0.5282690439194104","0.6215006260739472","0.6614646383697641","0.6422036766450614","0.757606490872211","0.7758620689655172","0.7431340872374798","0.6048671690843761","0.6473151471828777","0.6165141917298976","0.757606490872211","0.7758620689655172","0.7431340872374798","0.2626305818557739"
"hardy-sweep-25","finished","-","gillesjacobs","","2021-04-30T10:24:42.000Z","378","nzhmzu9b","0.00006500847841215016","all","32","0.0193190798163414","1.204407004579421","0.9709138899080216","1.0650501919862552","0.5873773833302754","0.6342501819569129","0.6196564860724512","0.7505070993914807","0.7535496957403651","0.72859450726979","1840","0.0000015039555445263194","0.528237831660504","0.5472784058212757","0.5056333762802453","0.5931372549019608","0.6355137079573089","0.6233869403629317","0.7505070993914807","0.7535496957403651","0.72859450726979","0.5851228621845207","0.6362344658231769","0.6164981042747705","0.7505070993914807","0.7535496957403651","0.72859450726979","0.0022378372959792614"
"solar-sweep-16","finished","-","gillesjacobs","","2021-04-29T16:23:28.000Z","332","3wlezlzd","0.00005402913806085656","posnegneupol","32","0.207544207572937","1.1673396143221086","0.5910255101419264","0.6797913423715494","0.599808716172865","0.647890048647805","0.6192719702137518","0.7565922920892496","0.7718052738336714","0.7366720516962844","1610","0.000007499706844768985","0.5375126506988988","0.5804060574878473","0.5278196426277479","0.6108530503246089","0.6484273345571427","0.6213189176642566","0.7565922920892495","0.7718052738336714","0.7366720516962844","0.5950115344537212","0.6492440065306776","0.6222746528173563","0.7565922920892495","0.7718052738336714","0.7366720516962844","0.638503909111023"
"sweet-sweep-3","finished","-","gillesjacobs","","2021-04-29T15:06:36.000Z","216","3wlezlzd","0.0000811912826318738","pol","32","0.20753000676631927","1.0522360378696072","0.738175646912667","0.8049414165509052","0.5987185750253654","0.6358792346369986","0.6189310247665686","0.744421906693712","0.7342799188640974","0.7051696284329564","1840","0.000001878340835902228","0.5202555216244543","0.5378275697268446","0.4982199824391684","0.6034590172815428","0.6254383876637598","0.6114711789523241","0.744421906693712","0.7342799188640974","0.7051696284329564","0.5948598148426543","0.6573185994972653","0.6353917407124859","0.744421906693712","0.7342799188640974","0.7051696284329564","0.015674248337745667"
"desert-sweep-49","finished","-","gillesjacobs","","2021-04-29T20:42:26.000Z","627","3wlezlzd","0.00006415713566737099","posnegneupol","16","0.20413225889205933","1.0566040537049692","0.6557329864271225","0.747160235276589","0.5943996081035477","0.6280396742421569","0.6188316264176991","0.7586206896551724","0.7403651115618661","0.7221324717285945","3672","4.089994160191718e-7","0.5438748713996933","0.5294975408844964","0.5010738602801754","0.6025440044004401","0.6242770225226365","0.6179307958836562","0.7586206896551724","0.7403651115618661","0.7221324717285945","0.5933409945794901","0.6349807587446251","0.6200503765215531","0.7586206896551724","0.7403651115618661","0.7221324717285945","0.31753700971603394"
"fiery-sweep-18","finished","-","gillesjacobs","","2021-04-29T11:26:26.000Z","431","yza9b7du","0.00007236335133106599","posnegneupol","16","0.004460164811462164","1.2589667727870326","0.8088217406503616","0.8730376072418995","0.6094816096044722","0.6266883953476321","0.6174896480331263","0.7545638945233267","0.744421906693712","0.7180936995153472","3672","4.6131374363472966e-7","0.5368313648669913","0.5422010884394529","0.503564087570542","0.6170084236473745","0.6200110886710111","0.6172401941283211","0.7545638945233266","0.744421906693712","0.7180936995153473","0.6042136655794748","0.6363650120316029","0.6238254920260673","0.7545638945233266","0.744421906693712","0.7180936995153473","0.0607423409819603"
"silver-sweep-17","finished","-","gillesjacobs","","2021-04-29T16:29:01.000Z","367","3wlezlzd","0.00007961961115515122","all","32","0.10758481174707411","1.1463817463767143","0.6836864919431748","0.7469935990296878","0.5906822741818768","0.6205672866637097","0.617487967070787","0.7576064908722109","0.7505070993914807","0.7358642972536348","1840","0.0000018419805935257655","0.5395117735194396","0.5464968067207876","0.5238164400802149","0.5987686162609248","0.6171379603226033","0.6301625577661794","0.757606490872211","0.7505070993914807","0.7358642972536349","0.5882197842768967","0.6257590585619873","0.6191935168426352","0.757606490872211","0.7505070993914807","0.7358642972536349","0.004468330647796392"
"fiery-sweep-37","finished","-","gillesjacobs","","2021-04-30T11:44:40.000Z","483","nzhmzu9b","0.0000671724004272289","all","64","0.14432284235954285","0.9774648556786198","0.6929906270196361","0.8083409384275094","0.6435214611222415","0.6588174294979341","0.6174551448329116","0.7890466531440163","0.7839756592292091","0.7439418416801292","920","0.0000015549166765562246","0.5986170054966006","0.5944144910649592","0.5318366322945156","0.668140991121605","0.6682950327726447","0.6356855341817748","0.7890466531440162","0.783975659229209","0.7439418416801292","0.633849635565929","0.6523830575542204","0.6170633500257109","0.7890466531440162","0.783975659229209","0.7439418416801292","0.1891169250011444"
"classic-sweep-8","finished","-","gillesjacobs","","2021-04-29T10:32:35.000Z","269","yza9b7du","0.00009340621274606948","pol","32","0.3877946138381958","1.1194960859514052","0.7086490508048765","0.8006595793442849","0.604923644386754","0.6348728638742319","0.6173382173382174","0.7576064908722109","0.7464503042596349","0.7245557350565428","1840","0.000002160930312228328","0.5440263611221923","0.5402155030531088","0.5070441564277643","0.6099839318168572","0.6316859791387222","0.6177872699254278","0.757606490872211","0.7464503042596349","0.7245557350565428","0.6015358738643559","0.6422442459941368","0.6197681248950475","0.757606490872211","0.7464503042596349","0.7245557350565428","0.051151733845472336"
"volcanic-sweep-14","finished","-","gillesjacobs","","2021-04-30T09:32:42.000Z","259","nzhmzu9b","0.00005104249498779348","pol","64","0.10601922124624252","0.962246379544658","0.6898905134970142","0.7848455225810026","0.5937761346106284","0.6180873891069952","0.6173028725660304","0.7636916835699797","0.7474645030425964","0.7310177705977382","920","0.0000011815392358285528","0.5504451809955945","0.5426288733197349","0.5111515005613815","0.6030817344859091","0.6135460764378863","0.6233880652183822","0.7636916835699797","0.7474645030425964","0.7310177705977383","0.5911019022985124","0.6238834991454382","0.6163065056712674","0.7636916835699797","0.7474645030425964","0.7310177705977383","0.09683271497488022"
"floral-sweep-65","finished","-","gillesjacobs","","2021-04-30T16:13:45.000Z","639","nzhmzu9b","0.000078570970748498","posnegneupol","32","0.0452028326690197","0.9372601249525624","0.6286518045010105","0.7149774157083951","0.6120262095890634","0.633517349100772","0.6165429800076779","0.7626774847870182","0.7545638945233267","0.7382875605815832","1840","0.000001817720549415801","0.5506070135776604","0.5392873307805919","0.514062141766266","0.6217039484603434","0.6403096585639309","0.6372239817305612","0.7626774847870182","0.7545638945233266","0.7382875605815832","0.606303335830963","0.627867604634539","0.6086150549699381","0.7626774847870182","0.7545638945233266","0.7382875605815832","0.39697667956352234"
"atomic-sweep-7","finished","-","gillesjacobs","","2021-04-29T15:30:38.000Z","306","3wlezlzd","0.00006894416751920631","all","32","0.13613931834697723","1.206044812356272","0.7113838570733224","0.7678527973401241","0.5989542388731591","0.6397410638896708","0.6165186665300347","0.7565922920892496","0.7484787018255578","0.7326332794830371","1840","0.0000015950067673616264","0.539478507622614","0.5527402056321633","0.5259131682013318","0.6071004159239454","0.630984551575447","0.6164380485263338","0.7565922920892495","0.7484787018255578","0.7326332794830371","0.595536571457659","0.6526495572104746","0.6232458315739545","0.7565922920892495","0.7484787018255578","0.7326332794830371","0.002496336819604039"
"crisp-sweep-57","finished","-","gillesjacobs","","2021-04-30T14:58:42.000Z","496","nzhmzu9b","0.000051617337947271733","all","64","0.1921432614326477","0.9131655097007751","0.5628442562395527","0.6795870860417684","0.6185866301660191","0.652871491092411","0.6164449125769563","0.7667342799188641","0.7799188640973631","0.7358642972536348","805","0.000007169074714898852","0.55549000280085","0.5882226381453786","0.5233237114953061","0.6332354737448733","0.6637296007545537","0.6332424190317782","0.7667342799188641","0.7799188640973631","0.7358642972536349","0.6101498835264788","0.6478303996583734","0.6178595382359294","0.7667342799188641","0.7799188640973631","0.7358642972536349","0.050648126751184464"
"fragrant-sweep-31","finished","-","gillesjacobs","","2021-04-29T18:12:03.000Z","409","3wlezlzd","0.00004737018972921972","all","32","0.16258780658245087","1.125894957973111","0.6974574865833405","0.78628247938095","0.6218543165791989","0.6318067758689462","0.6162660679263854","0.768762677484787","0.72920892494929","0.7011308562197092","1840","0.0000010958979694440652","0.558654542467231","0.5381144791329613","0.5002642541198243","0.6435853239656518","0.6216301417163769","0.6084386973180077","0.768762677484787","0.72920892494929","0.7011308562197092","0.6128607128801433","0.6581545626702018","0.6376968980757901","0.768762677484787","0.72920892494929","0.7011308562197092","0.00252963462844491"
"unique-sweep-49","finished","-","gillesjacobs","","2021-04-30T13:34:08.000Z","733","nzhmzu9b","0.00004635025262105052","all","32","0.2648744285106659","1.09856536311488","0.642491546369368","0.7042281306706942","0.6089773199350421","0.6567522917268248","0.6161009515468719","0.7576064908722109","0.7697768762677485","0.7277867528271406","1840","0.0000010723019692550729","0.5426122881245785","0.5827176847264571","0.5131021665647443","0.6168475332871547","0.650921723204332","0.6163828926775895","0.757606490872211","0.7697768762677485","0.7277867528271406","0.6045141139842105","0.6638775808922025","0.6194392836571153","0.757606490872211","0.7697768762677485","0.7277867528271406","0.004046295769512653"
"decent-sweep-21","finished","-","gillesjacobs","","2021-04-29T16:53:18.000Z","527","3wlezlzd","0.00006371118456033952","pol","16","0.35706213116645813","1.0733649807591592","0.7984949234993227","0.8572004223481203","0.5925411986339139","0.6294915103492386","0.6160202231139148","0.7636916835699797","0.744421906693712","0.7116316639741519","3672","4.061564938648129e-7","0.5473676033054848","0.5372205133243324","0.49396490101507096","0.6052575610192317","0.6252920355201445","0.6104045728207651","0.7636916835699797","0.744421906693712","0.7116316639741519","0.588123662178658","0.6363741033242242","0.6241140591521984","0.7636916835699797","0.744421906693712","0.7116316639741519","0.014628155156970024"
"fearless-sweep-45","finished","-","gillesjacobs","","2021-04-30T12:55:06.000Z","668","nzhmzu9b","0.00007704747990382165","pol","64","0.08925510942935944","1.0696132279211474","0.7342833876609802","0.8067814092605542","0.6167411185739028","0.6293205242632457","0.6152716793218264","0.7718052738336714","0.7667342799188641","0.7350565428109855","920","0.0000017835064792551306","0.5655626442792948","0.5640770212153983","0.5101845604180386","0.6298162149608171","0.6336419280165212","0.6324584426946632","0.7718052738336714","0.7667342799188641","0.7350565428109854","0.6094859022573145","0.6255661211296891","0.6090798757423742","0.7718052738336714","0.7667342799188641","0.7350565428109854","0.09978500753641129"
"logical-sweep-53","finished","-","gillesjacobs","","2021-04-30T14:22:43.000Z","469","nzhmzu9b","0.000044735206695657664","posnegneupol","64","0.1225106343626976","0.9156201885592552","0.5369914760512691","0.67294620627012","0.620870036330652","0.6671046093467073","0.6147883121625858","0.7596348884381339","0.7941176470588235","0.7439418416801292","805","0.000006213223152174676","0.5443225249929537","0.6142314080511138","0.5332900530708071","0.6328682599930988","0.6769052358093454","0.6376501593211334","0.7596348884381339","0.7941176470588235","0.7439418416801292","0.61214044086233","0.6612118712871032","0.6152696030462693","0.7596348884381339","0.7941176470588235","0.7439418416801292","0.14565007388591766"
"clear-sweep-4","finished","-","gillesjacobs","","2021-04-29T15:10:14.000Z","322","3wlezlzd","0.00004300326449558526","all","16","0.04328573867678642","1.3841137482273964","0.6924397349357605","0.7691977066107285","0.5950946750900461","0.6402871171671761","0.6141870084409183","0.7586206896551724","0.7677484787018256","0.7366720516962844","3672","2.741442535215519e-7","0.5398300567025038","0.5643719672650905","0.5177840455847307","0.6092925515085403","0.6467063059227841","0.6262680510800811","0.7586206896551724","0.7677484787018256","0.7366720516962844","0.591240846563739","0.6350687006601784","0.6118812862904397","0.7586206896551724","0.7677484787018256","0.7366720516962844","0.0025199062656611204"
"breezy-sweep-47","finished","-","gillesjacobs","","2021-04-29T20:23:43.000Z","616","3wlezlzd","0.00005823113432661109","all","16","0.04217015206813812","1.3208125387468646","0.7994082560462337","0.8240776879665179","0.6168436550609443","0.6277450489466752","0.6140836581496548","0.7586206896551724","0.7535496957403651","0.7390953150242328","3672","3.712213721198041e-7","0.5434998693417032","0.545137302387139","0.5226624442286072","0.6262560936510351","0.6279439134059913","0.6277263239040524","0.7586206896551724","0.7535496957403651","0.7390953150242326","0.6098163974831975","0.6281687462750953","0.6123825918749015","0.7586206896551724","0.7535496957403651","0.7390953150242326","0.001153887715190649"
"rosy-sweep-44","finished","-","gillesjacobs","","2021-04-29T19:57:00.000Z","610","3wlezlzd","0.00006619570710231877","pol","16","0.42198947072029114","1.1155569745648293","0.8309392996372715","0.8675337410890139","0.6066468709564783","0.6328267351416694","0.6137717463226985","0.7525354969574036","0.7545638945233267","0.7245557350565428","3672","4.219952350770828e-7","0.5321991212005457","0.5436166116814654","0.49392987799630766","0.6158665114422859","0.6424720401891109","0.6213856258569049","0.7525354969574036","0.7545638945233266","0.7245557350565428","0.5997557433102249","0.6299768439429113","0.6078594737154197","0.7525354969574036","0.7545638945233266","0.7245557350565428","0.011304464191198347"
"pious-sweep-18","finished","-","gillesjacobs","","2021-04-30T09:49:07.000Z","225","nzhmzu9b","0.00007008843697483525","posnegneupol","64","0.0953959822654724","0.8967519767822758","0.5798568350653495","0.632181859933413","0.6210136983803852","0.6317254284059263","0.6127448454688464","0.7596348884381339","0.7636916835699797","0.7390953150242328","690","0.000021902636554636016","0.5482739771643359","0.5555584321680155","0.5150077924818981","0.6272037233074621","0.6397123103433783","0.6290390462026393","0.7596348884381339","0.7636916835699797","0.7390953150242326","0.6159876817936665","0.6252656727249536","0.6054860662838654","0.7596348884381339","0.7636916835699797","0.7390953150242326","0.1131848692893982"
"lemon-sweep-22","finished","-","gillesjacobs","","2021-04-29T17:02:07.000Z","549","3wlezlzd","0.00004493810751489108","all","16","0.07520823180675507","1.3486158376739872","0.8959332781453286","0.9674776838375972","0.6062185557950867","0.6593971860840341","0.6125934711538549","0.7586206896551724","0.7606490872210954","0.7399030694668821","3672","2.864788076869324e-7","0.5419561243695096","0.5599195528494271","0.5220429722655296","0.6182505192142483","0.6567698880698521","0.6233148958306683","0.7586206896551724","0.7606490872210954","0.7399030694668821","0.6005286220234682","0.6631573088743891","0.609622718538562","0.7586206896551724","0.7606490872210954","0.7399030694668821","0.00091864651767537"
"quiet-sweep-10","finished","-","gillesjacobs","","2021-04-30T09:15:48.000Z","228","nzhmzu9b","0.0000602547489857981","pol","64","0.0583910308778286","1.00237478460035","0.725833406371455","0.8382948579696509","0.6002710366595455","0.6287924610018499","0.611684652569286","0.7667342799188641","0.7677484787018256","0.7310177705977382","920","0.0000013947858561527335","0.5571480553659623","0.5674519057237365","0.506598182985104","0.6091683471023759","0.6311371464061882","0.6194378588314758","0.7667342799188641","0.7677484787018256","0.7310177705977383","0.5973588309429572","0.6266590173045526","0.6081213279850268","0.7667342799188641","0.7677484787018256","0.7310177705977383","0.0717846006155014"
"skilled-sweep-29","finished","-","gillesjacobs","","2021-04-29T17:55:40.000Z","469","3wlezlzd","0.00007248704214239535","all","32","0.1359664797782898","1.0981154730243068","0.7750107001873755","0.9159218214261228","0.6471861676177503","0.6511567838104565","0.6114989089887779","0.7657200811359026","0.7789046653144016","0.7342487883683361","1840","0.000001676970321397232","0.5639675794174477","0.5867030471593343","0.5150682617226051","0.649812448001442","0.6569323866280269","0.6254091175978079","0.7657200811359026","0.7789046653144016","0.7342487883683361","0.6447958687898697","0.6470905585836756","0.6105510969835092","0.7657200811359026","0.7789046653144016","0.7342487883683361","0.0026858248747885227"
"magic-sweep-13","finished","-","gillesjacobs","","2021-04-30T09:28:20.000Z","259","nzhmzu9b","0.000045488412861268714","pol","64","0.11398296058177948","0.9275783088899427","0.711280507426108","0.8115616547755706","0.6090863127059247","0.6411984625812138","0.6102856014158758","0.7718052738336714","0.7586206896551724","0.7180936995153472","920","0.0000010529725199367755","0.5669035145820226","0.5619359596194571","0.49402100438623936","0.6183181456878443","0.6368779581108684","0.610779539913187","0.7718052738336714","0.7586206896551724","0.7180936995153473","0.6052765149331909","0.6474743537408094","0.6120074938694421","0.7718052738336714","0.7586206896551724","0.7180936995153473","0.14364030957221985"
"glamorous-sweep-35","finished","-","gillesjacobs","","2021-04-29T18:41:30.000Z","436","3wlezlzd","0.00006727331593123688","posnegneupol","32","0.058396827429533005","1.1541699526771425","0.9699864945104044","1.052347318866314","0.6332507622451038","0.6367732838053953","0.6095688908389504","0.7728194726166328","0.7667342799188641","0.7326332794830371","1840","0.0000015563520169169897","0.5691103226275941","0.5649488364059176","0.5126673870821588","0.6524617890253069","0.6419198531540303","0.6187598991335971","0.7728194726166329","0.7667342799188641","0.7326332794830371","0.6245919069273471","0.6336227493851494","0.6086692231809151","0.7728194726166329","0.7667342799188641","0.7326332794830371","0.24597632884979248"
"zany-sweep-14","finished","-","gillesjacobs","","2021-04-29T11:02:42.000Z","422","yza9b7du","0.000052155905665707175","all","16","0.11854017525911333","1.311390769097113","0.911958792517262","0.960090031226476","0.6009006957959964","0.622438928289992","0.6092694747960561","0.7535496957403651","0.7474645030425964","0.7318255250403876","3672","3.324920094597386e-7","0.5332106054749804","0.5390030801507926","0.5143689873117087","0.6097089987650177","0.6193470709052874","0.6150383849638573","0.7535496957403651","0.7474645030425964","0.7318255250403877","0.595589178153089","0.626336702261355","0.6105095597717831","0.7535496957403651","0.7474645030425964","0.7318255250403877","0.002839796943590045"
"denim-sweep-22","finished","-","gillesjacobs","","2021-04-30T10:08:40.000Z","345","nzhmzu9b","0.00007541605260127606","all","32","0.1655078083276749","1.1585493529996564","0.6645396870951499","0.7572776338992975","0.6094230547861551","0.6409576888080073","0.6090422403397977","0.7586206896551724","0.7383367139959433","0.7051696284329564","1840","0.000001744732275333165","0.545131208350011","0.5388955165605029","0.4879371071192797","0.6158153157033336","0.6308238314581288","0.6031181383053538","0.7586206896551724","0.7383367139959433","0.7051696284329564","0.6050819731551361","0.65906499917703","0.6195718067357432","0.7586206896551724","0.7383367139959433","0.7051696284329564","0.004427630454301834"
"wise-sweep-56","finished","-","gillesjacobs","","2021-04-30T14:50:30.000Z","491","nzhmzu9b","0.00006032333690015557","all","64","0.2565968632698059","0.951426637749518","0.5625598968998078","0.6529837369154661","0.621911553128735","0.6445677737624046","0.6074338189203189","0.77079107505071","0.7849898580121704","0.7447495961227787","805","0.000008378241236132719","0.5651632207354809","0.5943455943524517","0.5307279139623432","0.6367570534510211","0.6599340558992698","0.6389007670310287","0.77079107505071","0.7849898580121704","0.7447495961227787","0.6155715422338078","0.6382316980296455","0.6076335836558421","0.77079107505071","0.7849898580121704","0.7447495961227787","0.04047214239835739"
"apricot-sweep-42","finished","-","gillesjacobs","","2021-04-29T19:39:54.000Z","655","3wlezlzd","0.00004400793693683707","all","16","0.1416025459766388","1.3789013335781712","0.8522126616970185","0.9828767352379284","0.6149792171116192","0.6192558518139913","0.6066141596867854","0.7677484787018256","0.7606490872210954","0.7253634894991924","3672","2.805490039439048e-7","0.5578046102143899","0.5558783505386719","0.5062393563381937","0.6284208977066507","0.6210030640219318","0.6138909553803171","0.7677484787018256","0.7606490872210954","0.7253634894991923","0.6077395025775498","0.6195246897918253","0.6090950329414754","0.7677484787018256","0.7606490872210954","0.7253634894991923","0.0008094543591141701"
"hopeful-sweep-40","finished","-","gillesjacobs","","2021-04-29T19:19:35.000Z","585","3wlezlzd","0.00004807984652401713","pol","16","0.14678899943828583","1.337472226350538","0.8477441687737742","1.0322982607743678","0.629714197947229","0.6545470982325069","0.6065821888700401","0.77079107505071","0.7505070993914807","0.7003231017770598","3672","3.065072800719724e-7","0.5645851603437845","0.564125554287049","0.4797447000443913","0.6432318553971719","0.6512557361084711","0.6014004174492179","0.77079107505071","0.7505070993914807","0.7003231017770598","0.620831003565807","0.6778013610001768","0.6162250271916397","0.77079107505071","0.7505070993914807","0.7003231017770598","0.005104606039822102"
"polar-sweep-42","finished","-","gillesjacobs","","2021-04-30T12:28:06.000Z","405","nzhmzu9b","0.00004171821334648328","all","64","0.20350651443004608","0.8258252489951349","0.5422706084866677","0.6473613102466632","0.6278487806251379","0.6762750391182886","0.6064213578984652","0.7799188640973631","0.7931034482758621","0.7463651050080776","805","0.000005794196298122678","0.5833381516456497","0.6118829061121132","0.5325889559642598","0.6385411411066192","0.6927600208638757","0.637719485388061","0.7799188640973631","0.7931034482758621","0.7463651050080775","0.6222573857839517","0.6676505663637622","0.6067568472220216","0.7799188640973631","0.7931034482758621","0.7463651050080775","0.03177230805158615"
"fluent-sweep-40","finished","-","gillesjacobs","","2021-04-30T12:08:59.000Z","541","nzhmzu9b","0.00004243162366563619","posnegneupol","64","0.06890744715929031","0.8702850226433047","0.5497681546595788","0.6487152851544894","0.6205017938462568","0.6494040000952005","0.6055827025645938","0.7565922920892496","0.7829614604462475","0.7407108239095315","805","0.000005893281064671694","0.5461512100072045","0.591979393240556","0.5237052234951975","0.6235116598796181","0.6597352858914768","0.6275679410198075","0.7565922920892495","0.7829614604462475","0.7407108239095315","0.617787381404682","0.6434055150276691","0.6057554991530232","0.7565922920892495","0.7829614604462475","0.7407108239095315","0.050113849341869354"
"earnest-sweep-55","finished","-","gillesjacobs","","2021-04-30T14:40:39.000Z","590","nzhmzu9b","0.00006263324076522129","all","32","0.0794743001461029","1.1704336673982685","0.7992474705942215","0.9113711330753106","0.6052535592714986","0.6178939188444029","0.605541704582165","0.7565922920892496","0.755578093306288","0.7358642972536348","1840","0.0000014490049916766057","0.5393366802086846","0.5455130386401201","0.5199653222581976","0.613532898076912","0.6209571537026392","0.6188318706514747","0.7565922920892495","0.755578093306288","0.7358642972536349","0.5999179406855547","0.6170384490373628","0.6079712665932498","0.7565922920892495","0.755578093306288","0.7358642972536349","0.0024857879616320133"
"chocolate-sweep-39","finished","-","gillesjacobs","","2021-04-29T19:11:25.000Z","488","3wlezlzd","0.00004401941186467001","posnegneupol","32","0.05922974273562431","1.1682908515776358","0.7155044655646047","0.792566635287725","0.6146195976816852","0.6472783983485414","0.6033519379328346","0.7576064908722109","0.77079107505071","0.7399030694668821","1840","0.0000010183785278119143","0.5425611662443122","0.570015095338723","0.5174834537860182","0.6225264089375587","0.6538768239148912","0.6155378854464809","0.757606490872211","0.77079107505071","0.7399030694668821","0.6088954832121062","0.6416786844047887","0.5987695836389096","0.757606490872211","0.77079107505071","0.7399030694668821","0.4845554828643799"
"lunar-sweep-8","finished","-","gillesjacobs","","2021-04-29T15:35:45.000Z","313","3wlezlzd","0.00006373531391943394","all","32","0.06397221982479095","1.2112138290559091","0.8892760113362344","0.9872323794242664","0.6190572511908957","0.6400797038585083","0.6026626712976625","0.7626774847870182","0.7778904665314401","0.7366720516962844","1840","0.0000014745011895762623","0.5500186868433515","0.5777311195380719","0.5068560272023658","0.6308226429194171","0.6551854744727503","0.6268376344343195","0.7626774847870182","0.7778904665314401","0.7366720516962844","0.6117347790667342","0.6297124239941198","0.5946367206839884","0.7626774847870182","0.7778904665314401","0.7366720516962844","0.0017245359485968947"
"avid-sweep-15","finished","-","gillesjacobs","","2021-04-29T11:09:45.000Z","322","yza9b7du","0.0000771920970086095","pol","32","0.07181171327829361","1.148364773681087","0.8203551846165811","0.9095936020215352","0.6141289273000029","0.636593160889699","0.6013790295028109","0.7606490872210954","0.72920892494929","0.6978998384491115","1840","0.000001785820636405078","0.5490265889578162","0.5297194055113835","0.46634083972934137","0.6220676613221338","0.6304086086658923","0.597009907939038","0.7606490872210954","0.72920892494929","0.6978998384491115","0.6097209686207795","0.6609699121789055","0.6071694285712043","0.7606490872210954","0.72920892494929","0.6978998384491115","0.008407322689890862"
"exalted-sweep-5","finished","-","gillesjacobs","","2021-04-30T08:58:36.000Z","240","nzhmzu9b","0.00007993162563974196","pol","32","0.05711212381720543","1.2240733331249607","0.900521122640179","1.0273808974486132","0.583940877505013","0.6366297291619368","0.6001106888957356","0.7464503042596349","0.7332657200811359","0.6946688206785138","1840","0.0000018491989737360776","0.5131947498213393","0.5323317458983522","0.4712888652990932","0.5992442735376816","0.6297601407860277","0.5943548751283383","0.7464503042596349","0.7332657200811359","0.6946688206785138","0.576550981453565","0.6572848686228989","0.6103475330685534","0.7464503042596349","0.7332657200811359","0.6946688206785138","0.01451320480555296"
"astral-sweep-46","finished","-","gillesjacobs","","2021-04-29T20:13:21.000Z","620","3wlezlzd","0.00006405001781882192","pol","16","0.41997283697128296","1.115784098063746","1.115784098063746","1.2702254855479949","0.636367149979116","0.636367149979116","0.5993349361815352","0.7768762677484787","0.7768762677484787","0.7358642972536348","3672","4.083165436146283e-7","0.5752661955350747","0.5752661955350747","0.5092012857551157","0.6562993545472969","0.6562993545472969","0.6277986270180739","0.7768762677484787","0.7768762677484787","0.7358642972536349","0.6263383066071118","0.6263383066071118","0.5961532684366246","0.7768762677484787","0.7768762677484787","0.7358642972536349","0.013615933246910572"
"kind-sweep-12","finished","-","gillesjacobs","","2021-04-30T09:24:18.000Z","241","nzhmzu9b","0.000057689788164796655","posnegneupol","64","0.0833113044500351","0.9632041757145235","0.6810297490127625","0.762470407745777","0.6317510453701148","0.6466167600201871","0.5989286050074679","0.7738336713995944","0.7768762677484787","0.7399030694668821","920","0.0000013354117630739963","0.5767785691262219","0.5798831984327439","0.5122091141418461","0.6360797229861704","0.6551925464661112","0.6176326469890151","0.7738336713995944","0.7768762677484787","0.7399030694668821","0.6288350251258371","0.6396543961945711","0.5915492692096419","0.7738336713995944","0.7768762677484787","0.7399030694668821","0.10841713845729828"
"cerulean-sweep-28","finished","-","gillesjacobs","","2021-04-30T10:43:17.000Z","319","nzhmzu9b","0.000052612858538103474","posnegneupol","64","0.12014487385749816","0.8433448076248169","0.5596047192811966","0.6682085352830398","0.6250055740749159","0.6392797869440455","0.597699879652534","0.7576064908722109","0.7748478701825557","0.7342487883683361","805","0.000007307341463625483","0.5486584618503695","0.5808283435131495","0.5119707469765667","0.6274161358433271","0.6416743817564611","0.603787157966579","0.757606490872211","0.7748478701825557","0.7342487883683361","0.6229085917072754","0.6372875306484508","0.5974897732431808","0.757606490872211","0.7748478701825557","0.7342487883683361","0.13198742270469666"
"decent-sweep-36","finished","-","gillesjacobs","","2021-04-30T11:38:12.000Z","387","nzhmzu9b","0.0000681199710345097","posnegneupol","64","0.1047450676560402","0.9418175893445168","0.5791519140043566","0.6366148747694798","0.6104178087917925","0.6359308782195404","0.59602920313543","0.768762677484787","0.7809330628803245","0.7423263327948304","690","0.00002128749094828428","0.5553159481382538","0.5759277775106413","0.5106288790684952","0.6350643938238851","0.68026706231454","0.6383614471397104","0.768762677484787","0.7809330628803245","0.7423263327948304","0.6000787515892431","0.615655800096142","0.585704470598806","0.768762677484787","0.7809330628803245","0.7423263327948304","0.07331574708223343"
"logical-sweep-30","finished","-","gillesjacobs","","2021-04-29T18:03:31.000Z","511","3wlezlzd","0.000043831353522615046","all","16","0.11416030675172806","1.3356318819907405","1.2653873043675576","1.388875835790084","0.6134199955522243","0.6181119906740409","0.5946353621492929","0.7616632860040567","0.7606490872210954","0.7366720516962844","3672","2.794232910743353e-7","0.5477300556589073","0.5504707662520908","0.5114633174418076","0.6245484615049832","0.624020120421818","0.6217869682701487","0.7616632860040567","0.7606490872210954","0.7366720516962844","0.606785550667913","0.6142743197524475","0.5934840481232878","0.7616632860040567","0.7606490872210954","0.7366720516962844","0.035073474049568176"
"wise-sweep-2","finished","-","gillesjacobs","","2021-04-30T08:47:12.000Z","222","nzhmzu9b","0.00004946260493761123","all","32","0.15808658301830292","1.1336760021025134","0.8956816705965227","1.1550338447858126","0.6140633568779285","0.6266640269394861","0.5931568653605128","0.7626774847870182","0.7789046653144016","0.7261712439418416","1840","0.0000011443054930621452","0.5502126002287104","0.5808829196205597","0.4930306625506255","0.6242873383422656","0.6440626810215951","0.613277374329564","0.7626774847870182","0.7789046653144016","0.7261712439418416","0.6078784468427764","0.6213364715128604","0.5906058786513957","0.7626774847870182","0.7789046653144016","0.7261712439418416","0.0027498221024870872"
"denim-sweep-8","finished","-","gillesjacobs","","2021-04-30T09:09:36.000Z","164","nzhmzu9b","0.000045334810177774346","posnegneupol","64","0.1323496252298355","0.8297391303123967","0.5609147664039366","0.6114732248660846","0.6191185627820825","0.6447339394209246","0.5930615773591061","0.7545638945233267","0.7920892494929005","0.7512116316639742","690","0.000014167128180554483","0.5392278868171583","0.6015389650713526","0.5318786206829206","0.6284839118067089","0.6782970870676387","0.6355434439543352","0.7545638945233266","0.7920892494929006","0.7512116316639742","0.6128044221314942","0.6320499359549135","0.5923539662754368","0.7545638945233266","0.7920892494929006","0.7512116316639742","0.1566522866487503"
"cerulean-sweep-13","finished","-","gillesjacobs","","2021-04-29T16:03:14.000Z","307","3wlezlzd","0.00008205258606562503","posnegneupol","32","0.30891653895378113","1.047912722633731","0.5918303622353461","0.7039086188261325","0.5919502316782795","0.6396086883787113","0.5898459102577445","0.7565922920892496","0.7738336713995944","0.7302100161550888","1610","0.000011389601304655875","0.5335743383095072","0.5756195937219126","0.5010511883663167","0.6059533449716753","0.651359115240821","0.6083135838323975","0.7565922920892495","0.7738336713995944","0.7302100161550888","0.58485475818251","0.6342664683616085","0.5898160059408027","0.7565922920892495","0.7738336713995944","0.7302100161550888","0.08709949254989624"
"effortless-sweep-13","finished","-","gillesjacobs","","2021-04-29T10:55:48.000Z","413","yza9b7du","0.00008373317992504107","posnegneupol","16","0.010320059955120088","1.1066171892227663","0.6434486719869799","0.7393783873472458","0.6095154806836663","0.6200503091142675","0.5871663203416956","0.7606490872210954","0.7576064908722109","0.7092084006462036","3672","5.337959890903806e-7","0.5444794658752659","0.5408488513299063","0.4650903084218907","0.6258798854740462","0.6313247357622077","0.5942044539210045","0.7606490872210954","0.757606490872211","0.7092084006462036","0.602714414373195","0.6122267784321264","0.5829588242055417","0.7606490872210954","0.757606490872211","0.7092084006462036","0.13661903142929077"
"worthy-sweep-5","finished","-","gillesjacobs","","2021-04-29T15:15:37.000Z","461","3wlezlzd","0.00007548944254621146","all","16","0.08405604213476181","1.0240917359628985","0.6792837785136315","0.7595053219642395","0.6033196911246222","0.6219693263334632","0.5867343611639579","0.7505070993914807","0.7342799188640974","0.7003231017770598","3672","4.812424618999282e-7","0.530194888034883","0.517698022630454","0.4596303845435857","0.6098714330955163","0.6171090057588393","0.5895152528184466","0.7505070993914807","0.7342799188640974","0.7003231017770598","0.5994890257798556","0.6282423084990514","0.5879395173818082","0.7505070993914807","0.7342799188640974","0.7003231017770598","0.01770736463367939"
"laced-sweep-33","finished","-","gillesjacobs","","2021-04-29T18:27:28.000Z","408","3wlezlzd","0.00004126420742815557","posnegneupol","16","0.2702411413192749","1.1020208020364084","0.5844729456209368","0.6351358844683721","0.6103758742716049","0.6235160035507521","0.5865366056096866","0.7626774847870182","0.7718052738336714","0.7390953150242328","2754","0.000011024514415751791","0.5465132236269237","0.5640131269964099","0.5132519890312373","0.6266590055607869","0.6467636895268475","0.6072915199675762","0.7626774847870182","0.7718052738336714","0.7390953150242326","0.6017499846992951","0.6140392533889824","0.5867650392784818","0.7626774847870182","0.7718052738336714","0.7390953150242326","0.3693499863147736"
"confused-sweep-36","finished","-","gillesjacobs","","2021-04-29T18:48:48.000Z","480","3wlezlzd","0.00008042284577398985","posnegneupol","16","0.3485569655895233","1.0474308142738955","0.6653956607464822","0.7698796483186575","0.6047464203558499","0.6334645412176804","0.5862642756458202","0.7616632860040567","0.7545638945233267","0.7116316639741519","3213","0.00001099958945387517","0.5467843636939551","0.5446654610951038","0.4754479519484264","0.6195394618366553","0.63469581335359","0.591338868193029","0.7616632860040567","0.7545638945233266","0.7116316639741519","0.5999509783241005","0.6324209557662067","0.5867691614221563","0.7616632860040567","0.7545638945233266","0.7116316639741519","0.051426492631435394"
"wise-sweep-14","finished","-","gillesjacobs","","2021-04-29T16:08:22.000Z","419","3wlezlzd","0.00007169999122092288","posnegneupol","16","0.466022789478302","1.1395471557494132","0.6225095871956118","0.7264128484022923","0.5917736178637998","0.6551232149544509","0.5859640907579857","0.7494929006085193","0.7697768762677485","0.7140549273021002","3213","0.000009806547625695624","0.5282522525915485","0.5747980791764448","0.4789735559026518","0.5978207304590625","0.6573171792840781","0.6016257453620476","0.7494929006085193","0.7697768762677485","0.7140549273021002","0.5906834651570764","0.6544178235287011","0.5873611200296207","0.7494929006085193","0.7697768762677485","0.7140549273021002","0.015505467541515827"
"eager-sweep-16","finished","-","gillesjacobs","","2021-04-29T11:15:09.000Z","294","yza9b7du","0.00008852698060956729","posnegneupol","32","0.3802241384983063","0.9805421704246152","0.6276014456825871","0.7218601715106231","0.592748127704987","0.6186529581708099","0.5850799997265141","0.7535496957403651","0.7576064908722109","0.7189014539579967","1610","0.000012288302687273656","0.537193982602613","0.5368338792007502","0.4693005827989346","0.5963468947057707","0.6393780487804878","0.6120019474737294","0.7535496957403651","0.757606490872211","0.7189014539579968","0.5931268837445508","0.605754352481101","0.5744800269934695","0.7535496957403651","0.757606490872211","0.7189014539579968","0.02904481254518032"
"grateful-sweep-10","finished","-","gillesjacobs","","2021-04-29T10:43:25.000Z","285","yza9b7du","0.00008855754798584793","all","32","0.04459981992840767","1.1877858706058997","0.6810311588548845","0.8479512116083732","0.6050017139097599","0.6277387326704139","0.5845846735105118","0.7616632860040567","0.755578093306288","0.7116316639741519","1840","0.0000020487576167923173","0.5453995859997495","0.5418700687928594","0.4763297602697051","0.6181566264479639","0.6333883388338833","0.5952909493260142","0.7616632860040567","0.755578093306288","0.7116316639741519","0.5976788484045771","0.6230040205696933","0.5864000460724232","0.7616632860040567","0.755578093306288","0.7116316639741519","0.003156139282509685"
"expert-sweep-38","finished","-","gillesjacobs","","2021-04-29T19:02:12.000Z","551","3wlezlzd","0.00007873516442806712","posnegneupol","16","0.011212727054953575","1.1403117910508187","0.6535198871166475","0.7938458556548144","0.5846027037796816","0.6220935195015311","0.5821952723441999","0.7586206896551724","0.7596348884381339","0.7092084006462036","3672","5.019338213322157e-7","0.5362077010697145","0.5459923687007958","0.46626109973083807","0.6011125856193236","0.6337727043127237","0.5926062379756083","0.7586206896551724","0.7596348884381339","0.7092084006462036","0.5812560521962998","0.6156346266935008","0.5803815200151327","0.7586206896551724","0.7596348884381339","0.7092084006462036","0.03080650046467781"
"winter-sweep-10","finished","-","gillesjacobs","","2021-04-29T15:46:18.000Z","302","3wlezlzd","0.00006124323047793234","all","32","0.18212921917438507","1.0980178886844263","0.6095657165973417","0.6980541283503557","0.6095098956852547","0.6404941285628238","0.5797893892660403","0.7697768762677485","0.7809330628803245","0.7439418416801292","1610","0.000008501084623888816","0.5650722321498507","0.5873231970023044","0.518902642303263","0.6167291295657106","0.6619134300138785","0.6257231104616298","0.7697768762677485","0.7809330628803245","0.7439418416801292","0.6065939997072564","0.6345571322379019","0.583305946254552","0.7697768762677485","0.7809330628803245","0.7439418416801292","0.02091438509523869"
"autumn-sweep-1","finished","-","gillesjacobs","","2021-04-29T14:58:13.000Z","295","3wlezlzd","0.0000773268213263074","all","16","0.14483681321144104","0.8811251665315321","0.6727231125677785","0.7950413677936945","0.6007182981350709","0.6282098828241549","0.577760441948085","0.755578093306288","0.72920892494929","0.6801292407108239","3672","4.929556850706354e-7","0.5386088535963014","0.5246414353678391","0.44499581322828863","0.6085469220575074","0.6181974464100995","0.5725329630383228","0.755578093306288","0.72920892494929","0.6801292407108239","0.5974219154026502","0.6458976383832394","0.587744462322429","0.755578093306288","0.72920892494929","0.6801292407108239","0.02866552211344242"
"devoted-sweep-6","finished","-","gillesjacobs","","2021-04-29T15:23:19.000Z","437","3wlezlzd","0.00009992476444168496","posnegneupol","16","0.6611538529396057","0.7441093796683896","0.7687874176809865","0.8665630358916062","0.4692595146473297","0.4770266315481416","0.447867150502359","0.704868154158215","0.704868154158215","0.6567043618739903","3672","6.370167539023672e-7","0.4007767230409039","0.4103326669211234","0.33409666846562386","0.4730923234234492","0.4603688673846314","0.4220680874476493","0.704868154158215","0.704868154158215","0.6567043618739903","0.48181826644697034","0.4970443395611659","0.47713220740606016","0.704868154158215","0.704868154158215","0.6567043618739903","0.7192134857177734"
"honest-sweep-41","finished","-","gillesjacobs","","2021-04-29T19:29:21.000Z","632","3wlezlzd","0.0000935216096370758","posnegneupol","16","0.6605340838432312","0.7443313425587069","0.76816747938433","0.8655172853897779","0.4685738567482784","0.475116083826182","0.4465907726361629","0.7038539553752535","0.7028397565922921","0.6558966074313409","3672","5.961968739541198e-7","0.3985356876755347","0.4056471973667441","0.33113888711012873","0.4719274977895667","0.458888236062149","0.4213312859393619","0.7038539553752535","0.7028397565922921","0.6558966074313409","0.4812504072760448","0.494858547211439","0.4752943970150423","0.7038539553752535","0.7028397565922921","0.6558966074313409","0.729904055595398"
"vague-sweep-15","finished","-","gillesjacobs","","2021-04-29T16:15:22.000Z","485","3wlezlzd","0.00009168855821932066","all","16","0.6394341588020325","0.7444451682029232","0.7478773267038407","0.8318401322915003","0.4699883740242485","0.4729010535462148","0.4456965609481937","0.704868154158215","0.7058823529411765","0.6655896607431341","3672","5.845112375615921e-7","0.4010264531529473","0.40494178773001827","0.3348463139368116","0.472208214106959","0.46835518120884984","0.4318112586643656","0.704868154158215","0.7058823529411765","0.6655896607431341","0.48286834045484595","0.4876364956572738","0.46792294585216937","0.704868154158215","0.7058823529411765","0.6655896607431341","0.5448018312454224"
"fresh-sweep-27","finished","-","gillesjacobs","","2021-04-29T17:38:54.000Z","550","3wlezlzd","0.0000970878973634878","posnegneupol","16","0.6600062847137451","0.7440905599824844","0.7677766315398677","0.8650742020362463","0.4692595146473297","0.4741575378195096","0.4455551516620219","0.704868154158215","0.7018255578093306","0.6550888529886915","3672","6.189318290341153e-7","0.4007767230409039","0.4033012427228539","0.3287095584586723","0.4730923234234492","0.4581454863580989","0.4206423054338498","0.704868154158215","0.7018255578093306","0.6550888529886915","0.48181826644697034","0.4937656510365757","0.47391635499676016","0.704868154158215","0.7018255578093306","0.6550888529886915","0.7253761291503906"
"dry-sweep-26","finished","-","gillesjacobs","","2021-04-29T17:33:22.000Z","331","3wlezlzd","0.00008685763266845815","pol","16","0.7119750380516052","0.7575830509585719","0.7620998332577367","0.8409182329972585","0.4621719719880981","0.4671153893567486","0.4387066791545317","0.7058823529411765","0.6957403651115619","0.6502423263327949","1836","0.00004711604994359711","0.4040697695549563","0.3874902979128038","0.31287610796628934","0.48860626744165375","0.4541934832538301","0.4166500601984473","0.7058823529411765","0.6957403651115619","0.6502423263327949","0.47188538553914033","0.48510812597164427","0.464728566141596","0.7058823529411765","0.6957403651115619","0.6502423263327949","0.6867998838424683"
"misunderstood-sweep-12","finished","-","gillesjacobs","","2021-04-29T10:52:03.000Z","224","yza9b7du","0.0000865509464169608","pol","16","0.7190993428230286","0.7605508354402357","0.7690545724284265","0.8473628835800366","0.45709708102001184","0.4720838266192069","0.4363809975845998","0.7018255578093306","0.6997971602434077","0.6445880452342488","1836","0.0000469496875376849","0.39477301895713185","0.3988213243525397","0.30867999149626524","0.4866828859366173","0.4562672853341722","0.4114162080242482","0.7018255578093306","0.6997971602434077","0.6445880452342488","0.46698876383574905","0.49157985868684895","0.4647374078410717","0.7018255578093306","0.6997971602434077","0.6445880452342488","0.6452988386154175"
"volcanic-sweep-37","finished","-","gillesjacobs","","2021-04-29T18:56:49.000Z","321","3wlezlzd","0.00009491323286178216","pol","16","0.707377016544342","0.7601643646917036","0.7794913072739879","0.8610160197967138","0.4559327846364883","0.47082169160270926","0.4352545877487723","0.7008113590263692","0.6967545638945233","0.6397415185783522","1836","0.0000514858220565796","0.3923766503318061","0.39783212313971056","0.3088981629560006","0.48598423755762216","0.4510296618174947","0.4081024262475876","0.7008113590263692","0.6967545638945233","0.6397415185783522","0.4658958676608857","0.4930265031976987","0.4665840599315653","0.7008113590263692","0.6967545638945233","0.6397415185783522","0.6644719839096069"
"unique-sweep-43","finished","-","gillesjacobs","","2021-04-29T19:50:51.000Z","367","3wlezlzd","0.00008872773660826563","pol","16","0.7148596048355103","0.7607590786872371","0.7709658242041065","0.851706326007843","0.4559327846364883","0.47156769409032256","0.4331746874942162","0.7008113590263692","0.6987829614604463","0.6389337641357028","1836","0.00004813049056235098","0.3923766503318061","0.39948384815975335","0.3024439032506813","0.48598423755762216","0.4533769063180828","0.40703958450308814","0.7008113590263692","0.6987829614604463","0.6389337641357028","0.4658958676608857","0.4925871105277366","0.46290717604960446","0.7008113590263692","0.6987829614604463","0.6389337641357028","0.6685901880264282"
"worthy-sweep-45","finished","-","gillesjacobs","","2021-04-29T20:07:12.000Z","367","3wlezlzd","0.00009985362446843982","pol","16","0.7220178246498108","0.7603120255854822","0.7644014320065898","0.8462103666403354","0.45661789556520943","0.4741441151091104","0.43268931074875167","0.7018255578093306","0.7018255578093306","0.6397415185783522","1836","0.00005416574471310325","0.3950233418839604","0.4041860925945328","0.30113162598122795","0.4875471004503263","0.4572771278675968","0.4072683781735506","0.7018255578093306","0.7018255578093306","0.6397415185783522","0.46646372683181125","0.4942906880405135","0.46152660783147215","0.7018255578093306","0.7018255578093306","0.6397415185783522","0.675926923751831"
"stellar-sweep-20","finished","-","gillesjacobs","","2021-04-29T11:39:29.000Z","11757","yza9b7du","0.0000716332294066389","pol","16","0.4370833337306976","0.7718405819708302","","","0.5957274780362064","","","0.7515212981744422","","","3650","4.5665924281253427e-7","0.5335430626021179","","","0.6093266480379027","","","0.7515212981744422","","","0.5960194795304298","","","0.7515212981744422","","","0.0943215861916542"